Time, Altitude, Velocity, Temperature (F), Voltage
0.00, 0, 0, 91.72, 4.16
0.05, 0, 0, 91.72, 4.16
0.10, 0, 4, 91.72, 4.16
0.15, 0, 0, 91.72, 4.16
0.20, 1, 2, 91.72, 4.16
0.25, 0, 2, 91.74, 4.16
0.30, 0, 2, 91.72, 4.16
0.35, 2, 2, 91.72, 4.16
0.40, 0, 3, 91.72, 4.16
0.45, 0, 4, 91.72, 4.16
0.50, 1, 5, 91.72, 4.16
0.55, 2, 7, 91.72, 4.16
0.60, 2, 10, 91.72, 4.16
0.65, 1, 14, 91.72, 4.16
0.70, 3, 19, 91.72, 4.16
0.75, 4, 26, 91.74, 4.16
0.80, 6, 37, 91.72, 4.16
0.85, 7, 50, 91.72, 4.16
0.90, 10, 68, 91.72, 4.16
0.95, 14, 88, 91.74, 4.16
1.00, 19, 111, 91.72, 4.16
1.05, 27, 134, 91.74, 4.16
1.10, 35, 156, 91.72, 4.16
1.15, 45, 177, 91.72, 4.16
1.20, 53, 196, 91.74, 4.16
1.25, 64, 214, 91.72, 4.16
1.30, 76, 230, 91.72, 4.16
1.35, 89, 247, 91.72, 4.16
1.40, 102, 262, 91.74, 4.16
1.45, 116, 276, 91.74, 4.16
1.50, 129, 291, 91.74, 4.16
1.55, 145, 303, 91.74, 4.16
1.60, 162, 312, 91.72, 4.15
1.65, 178, 317, 91.74, 4.15
1.70, 196, 315, 91.74, 4.15
1.75, 211, 309, 91.74, 4.15
1.80, 226, 299, 91.74, 4.15
1.85, 240, 289, 91.74, 4.15
1.90, 253, 280, 91.74, 4.15
1.95, 267, 273, 91.74, 4.15
2.00, 280, 267, 91.74, 4.15
2.05, 294, 263, 91.74, 4.15
2.10, 306, 258, 91.74, 4.15
2.15, 319, 256, 91.74, 4.15
2.20, 331, 254, 91.74, 4.15
2.25, 344, 253, 91.74, 4.15
2.30, 357, 253, 91.74, 4.15
2.35, 368, 253, 91.74, 4.15
2.40, 383, 252, 91.74, 4.15
2.45, 395, 250, 91.74, 4.15
2.50, 407, 247, 91.74, 4.15
2.55, 419, 243, 91.74, 4.15
2.60, 431, 239, 91.74, 4.15
2.65, 443, 236, 91.74, 4.15
2.70, 455, 232, 91.74, 4.15
2.75, 466, 228, 91.74, 4.15
2.80, 477, 225, 91.74, 4.15
2.85, 488, 223, 91.74, 4.15
2.90, 499, 222, 91.74, 4.15
2.95, 510, 221, 91.74, 4.14
3.00, 521, 221, 91.74, 4.15
3.05, 532, 220, 91.74, 4.15
3.10, 544, 217, 91.74, 4.15
3.15, 554, 214, 91.74, 4.15
3.20, 565, 209, 91.74, 4.15
3.25, 575, 204, 91.74, 4.15
3.30, 585, 200, 91.74, 4.15
3.35, 594, 197, 91.74, 4.15
3.40, 604, 195, 91.74, 4.15
3.45, 614, 193, 91.74, 4.15
3.50, 623, 192, 91.74, 4.15
3.55, 633, 191, 91.74, 4.15
3.60, 643, 190, 91.74, 4.15
3.65, 652, 189, 91.74, 4.15
3.70, 660, 188, 91.76, 4.15
3.75, 671, 187, 91.74, 4.15
3.80, 681, 186, 91.74, 4.15
3.85, 689, 184, 91.76, 4.15
3.90, 698, 182, 91.76, 4.15
3.95, 707, 179, 91.74, 4.15
4.00, 717, 177, 91.74, 4.15
4.05, 724, 175, 91.76, 4.15
4.10, 734, 173, 91.74, 4.15
4.15, 742, 170, 91.76, 4.15
4.20, 751, 167, 91.74, 4.15
4.25, 758, 164, 91.76, 4.15
4.30, 767, 162, 91.76, 4.14
4.35, 774, 161, 91.76, 4.15
4.40, 783, 160, 91.76, 4.15
4.45, 790, 159, 91.76, 4.15
4.50, 799, 158, 91.74, 4.15
4.55, 806, 156, 91.76, 4.15
4.60, 814, 154, 91.76, 4.15
4.65, 822, 152, 91.74, 4.15
4.70, 829, 149, 91.76, 4.15
4.75, 837, 146, 91.76, 4.15
4.80, 844, 143, 91.74, 4.15
4.85, 850, 141, 91.76, 4.15
4.90, 858, 139, 91.76, 4.15
4.95, 864, 138, 91.76, 4.15
5.00, 871, 137, 91.76, 4.15
5.05, 878, 136, 91.76, 4.15
5.10, 885, 135, 91.76, 4.15
5.15, 892, 134, 91.76, 4.15
5.20, 898, 132, 91.76, 4.15
5.25, 905, 129, 91.74, 4.15
5.30, 911, 127, 91.76, 4.15
5.35, 917, 124, 91.76, 4.15
5.40, 924, 122, 91.76, 4.15
5.45, 929, 120, 91.76, 4.15
5.50, 935, 118, 91.76, 4.15
5.55, 941, 116, 91.76, 4.15
5.60, 947, 114, 91.76, 4.15
5.65, 953, 112, 91.76, 4.14
5.70, 957, 111, 91.76, 4.15
5.75, 963, 110, 91.76, 4.15
5.80, 969, 110, 91.76, 4.15
5.85, 974, 109, 91.76, 4.15
5.90, 980, 108, 91.76, 4.15
5.95, 985, 106, 91.76, 4.15
6.00, 991, 103, 91.76, 4.15
6.05, 995, 99, 91.76, 4.15
6.10, 1000, 97, 91.76, 4.15
6.15, 1004, 93, 91.76, 4.15
6.20, 1010, 91, 91.76, 4.15
6.25, 1013, 88, 91.76, 4.15
6.30, 1019, 85, 91.76, 4.15
6.35, 1022, 83, 91.76, 4.15
6.40, 1025, 83, 91.76, 4.15
6.45, 1030, 83, 91.76, 4.15
6.50, 1034, 84, 91.76, 4.15
6.55, 1038, 85, 91.76, 4.15
6.60, 1043, 86, 91.76, 4.15
6.65, 1048, 85, 91.76, 4.15
6.70, 1051, 84, 91.76, 4.15
6.75, 1055, 81, 91.76, 4.15
6.80, 1061, 77, 91.76, 4.15
6.85, 1063, 74, 91.76, 4.15
6.90, 1067, 71, 91.76, 4.15
6.95, 1069, 70, 91.76, 4.15
7.00, 1073, 69, 91.76, 4.15
7.05, 1077, 70, 91.76, 4.14
7.10, 1080, 69, 91.76, 4.15
7.15, 1085, 69, 91.76, 4.15
7.20, 1087, 67, 91.76, 4.15
7.25, 1090, 66, 91.76, 4.15
7.30, 1094, 63, 91.76, 4.15
7.35, 1097, 62, 91.78, 4.15
7.40, 1100, 60, 91.76, 4.15
7.45, 1103, 58, 91.76, 4.15
7.50, 1105, 57, 91.76, 4.15
7.55, 1107, 56, 91.76, 4.15
7.60, 1112, 55, 91.76, 4.15
7.65, 1114, 54, 91.76, 4.15
7.70, 1116, 52, 91.76, 4.15
7.75, 1119, 50, 91.76, 4.15
7.80, 1121, 47, 91.76, 4.15
7.85, 1124, 45, 91.78, 4.15
7.90, 1125, 44, 91.78, 4.15
7.95, 1128, 42, 91.76, 4.15
8.00, 1130, 41, 91.76, 4.15
8.05, 1131, 40, 91.78, 4.15
8.10, 1134, 38, 91.76, 4.15
8.15, 1136, 37, 91.76, 4.15
8.20, 1137, 36, 91.76, 4.15
8.25, 1139, 36, 91.76, 4.14
8.30, 1140, 35, 91.76, 4.15
8.35, 1143, 34, 91.78, 4.15
8.40, 1145, 32, 91.76, 4.15
8.45, 1146, 29, 91.76, 4.15
8.50, 1147, 25, 91.76, 4.15
8.55, 1148, 22, 91.76, 4.15
8.60, 1149, 19, 91.76, 4.15
8.65, 1149, 18, 91.76, 4.15
8.70, 1151, 18, 91.78, 4.15
8.75, 1151, 18, 91.76, 4.15
8.80, 1153, 18, 91.76, 4.15
8.85, 1153, 17, 91.78, 4.15
8.90, 1155, 15, 91.76, 4.15
8.95, 1154, 13, 91.76, 4.15
9.00, 1156, 10, 91.78, 4.15
9.05, 1156, 7, 91.76, 4.15
9.10, 1156, 5, 91.78, 4.15
9.15, 1156, 4, 91.76, 4.15
9.20, 1155, 3, 91.78, 4.15
9.25, 1157, 3, 91.78, 4.15
9.30, 1156, 3, 91.78, 4.15
9.35, 1157, 2, 91.76, 4.15
9.40, 1157, 0, 91.76, 4.15
9.45, 1157, 1, 91.78, 4.15
9.50, 1156, 3, 91.76, 4.15
9.55, 1096, 9, 91.76, 4.14
9.60, 1154, 17, 91.76, 4.15
9.65, 1160, 21, 91.78, 4.15
9.70, 1162, 23, 91.78, 4.15
9.75, 1163, 19, 91.78, 4.15
9.80, 1163, 12, 91.78, 4.15
9.85, 1162, 4, 91.78, 4.15
9.90, 1162, -3, 91.76, 4.15
9.95, 1163, -8, 91.76, 4.15
10.00, 1161, -9, 91.78, 4.15
10.05, 1160, -8, 91.76, 4.15
10.10, 1158, -6, 91.76, 4.15
10.15, 1160, -4, 91.76, 4.15
10.20, 1162, -5, 91.76, 4.15
10.25, 1161, -9, 91.78, 4.15
10.30, 1158, -17, 91.78, 4.15
10.35, 1158, -29, 91.78, 4.15
10.40, 1161, -41, 91.78, 4.15
10.45, 1152, -49, 91.78, 4.15
10.50, 1150, -50, 91.78, 4.14
10.55, 1143, -44, 91.78, 4.15
10.60, 1143, -32, 91.76, 4.15
10.65, 1145, -33, 91.78, 4.15
10.70, 1147, -37, 91.78, 4.15
10.75, 1145, -47, 91.78, 4.15
10.80, 1143, -62, 91.78, 4.15
10.85, 1142, -58, 91.78, 4.15
10.90, 1138, -52, 91.78, 4.15
10.95, 1132, -45, 91.78, 4.15
11.00, 1134, -35, 91.76, 4.15
11.05, 1126, -36, 91.78, 4.15
11.10, 1126, -37, 91.78, 4.15
11.15, 1116, -38, 91.76, 4.15
11.20, 1113, -39, 91.78, 4.15
11.25, 1111, -40, 91.76, 4.15
11.30, 1111, -41, 91.76, 4.15
11.35, 1111, -41, 91.78, 4.15
11.40, 1112, -40, 91.78, 4.14
11.45, 1107, -39, 91.78, 4.14
11.50, 1103, -38, 91.78, 4.15
11.55, 1099, -37, 91.78, 4.15
11.60, 1099, -36, 91.78, 4.15
11.65, 1096, -37, 91.78, 4.15
11.70, 1096, -37, 91.76, 4.15
11.75, 1095, -38, 91.78, 4.15
11.80, 1094, -37, 91.78, 4.15
11.85, 1096, -37, 91.78, 4.14
11.90, 1095, -35, 91.78, 4.15
11.95, 1093, -34, 91.78, 4.15
12.00, 1089, -33, 91.78, 4.15
12.05, 1086, -32, 91.78, 4.15
12.10, 1086, -32, 91.78, 4.15
12.15, 1083, -31, 91.78, 4.15
12.20, 1080, -30, 91.76, 4.15
12.25, 1080, -30, 91.78, 4.15
12.30, 1079, -30, 91.78, 4.15
12.35, 1077, -30, 91.78, 4.15
12.40, 1077, -30, 91.78, 4.15
12.45, 1077, -30, 91.78, 4.15
12.50, 1076, -29, 91.78, 4.15
12.55, 1075, -29, 91.78, 4.15
12.60, 1074, -28, 91.78, 4.15
12.65, 1072, -28, 91.78, 4.15
12.70, 1069, -28, 91.76, 4.15
12.75, 1068, -29, 91.78, 4.15
12.80, 1068, -29, 91.76, 4.15
12.85, 1072, -30, 91.78, 4.14
12.90, 1070, -31, 91.78, 4.15
12.95, 1065, -31, 91.78, 4.15
13.00, 1065, -30, 91.76, 4.15
13.05, 1059, -30, 91.78, 4.15
13.10, 1059, -29, 91.78, 4.15
13.15, 1057, -29, 91.78, 4.15
13.20, 1053, -28, 91.78, 4.15
13.25, 1053, -29, 91.78, 4.15
13.30, 1052, -29, 91.78, 4.15
13.35, 1050, -29, 91.78, 4.15
13.40, 1049, -30, 91.76, 4.15
13.45, 1049, -30, 91.76, 4.14
13.50, 1045, -31, 91.78, 4.14
13.55, 1042, -31, 91.76, 4.15
13.60, 1041, -32, 91.78, 4.15
13.65, 1043, -32, 91.76, 4.15
13.70, 1039, -33, 91.78, 4.15
13.75, 1037, -33, 91.78, 4.15
13.80, 1037, -34, 91.78, 4.15
13.85, 1033, -34, 91.78, 4.15
13.90, 1032, -34, 91.78, 4.15
13.95, 1030, -33, 91.76, 4.15
14.00, 1029, -33, 91.76, 4.15
14.05, 1028, -32, 91.76, 4.15
14.10, 1029, -32, 91.76, 4.15
14.15, 1026, -32, 91.78, 4.15
14.20, 1023, -32, 91.78, 4.15
14.25, 1024, -33, 91.78, 4.15
14.30, 1020, -34, 91.78, 4.15
14.35, 1018, -34, 91.78, 4.15
14.40, 1018, -34, 91.78, 4.15
14.45, 1015, -34, 91.78, 4.15
14.50, 1014, -34, 91.78, 4.15
14.55, 1010, -34, 91.76, 4.15
14.60, 1010, -34, 91.78, 4.15
14.65, 1007, -35, 91.78, 4.15
14.70, 1004, -35, 91.78, 4.15
14.75, 1003, -35, 91.78, 4.15
14.80, 1001, -35, 91.78, 4.15
14.85, 1003, -34, 91.78, 4.15
14.90, 1003, -34, 91.76, 4.15
14.95, 1001, -34, 91.78, 4.15
15.00, 999, -34, 91.78, 4.15
15.05, 996, -34, 91.78, 4.15
15.10, 996, -35, 91.78, 4.15
15.15, 993, -35, 91.78, 4.15
15.20, 987, -35, 91.76, 4.15
15.25, 985, -35, 91.78, 4.15
15.30, 982, -36, 91.78, 4.15
15.35, 983, -37, 91.76, 4.15
15.40, 983, -37, 91.78, 4.15
15.45, 979, -38, 91.78, 4.15
15.50, 977, -38, 91.76, 4.15
15.55, 975, -38, 91.78, 4.15
15.60, 973, -37, 91.76, 4.15
15.65, 971, -36, 91.78, 4.15
15.70, 969, -35, 91.78, 4.15
15.75, 967, -34, 91.78, 4.15
15.80, 968, -34, 91.76, 4.15
15.85, 966, -34, 91.78, 4.15
15.90, 962, -34, 91.78, 4.15
15.95, 961, -35, 91.78, 4.15
16.00, 962, -36, 91.76, 4.15
16.05, 961, -37, 91.76, 4.15
16.10, 959, -37, 91.76, 4.15
16.15, 956, -37, 91.78, 4.15
16.20, 954, -37, 91.78, 4.15
16.25, 951, -36, 91.78, 4.15
16.30, 947, -36, 91.78, 4.15
16.35, 945, -36, 91.76, 4.15
16.40, 939, -36, 91.78, 4.15
16.45, 938, -36, 91.78, 4.15
16.50, 936, -36, 91.76, 4.15
16.55, 935, -36, 91.76, 4.15
16.60, 937, -36, 91.78, 4.15
16.65, 936, -37, 91.78, 4.14
16.70, 937, -37, 91.76, 4.15
16.75, 938, -37, 91.78, 4.15
16.80, 935, -37, 91.78, 4.15
16.85, 938, -37, 91.78, 4.15
16.90, 936, -37, 91.78, 4.15
16.95, 928, -38, 91.78, 4.15
17.00, 922, -38, 91.78, 4.15
17.05, 919, -37, 91.78, 4.15
17.10, 920, -37, 91.76, 4.15
17.15, 918, -36, 91.76, 4.15
17.20, 916, -36, 91.76, 4.14
17.25, 913, -36, 91.76, 4.15
17.30, 910, -36, 91.78, 4.15
17.35, 911, -35, 91.76, 4.15
17.40, 911, -35, 91.76, 4.14
17.45, 907, -35, 91.76, 4.14
17.50, 905, -35, 91.76, 4.15
17.55, 903, -36, 91.78, 4.15
17.60, 898, -37, 91.78, 4.15
17.65, 896, -38, 91.76, 4.15
17.70, 896, -39, 91.76, 4.15
17.75, 895, -39, 91.76, 4.15
17.80, 894, -38, 91.76, 4.15
17.85, 891, -38, 91.76, 4.15
17.90, 886, -37, 91.78, 4.15
17.95, 886, -36, 91.76, 4.15
18.00, 886, -35, 91.76, 4.15
18.05, 888, -35, 91.76, 4.14
18.10, 889, -35, 91.76, 4.15
18.15, 883, -36, 91.78, 4.15
18.20, 880, -37, 91.76, 4.15
18.25, 876, -37, 91.78, 4.15
18.30, 875, -37, 91.76, 4.15
18.35, 875, -37, 91.76, 4.15
18.40, 872, -37, 91.78, 4.15
18.45, 868, -37, 91.76, 4.15
18.50, 868, -37, 91.76, 4.14
18.55, 862, -37, 91.78, 4.15
18.60, 861, -37, 91.76, 4.15
18.65, 858, -36, 91.76, 4.15
18.70, 862, -36, 91.76, 4.15
18.75, 863, -36, 91.76, 4.15
18.80, 860, -37, 91.78, 4.15
18.85, 860, -37, 91.78, 4.15
18.90, 862, -38, 91.76, 4.15
18.95, 857, -38, 91.76, 4.15
19.00, 855, -39, 91.76, 4.15
19.05, 852, -39, 91.78, 4.15
19.10, 847, -39, 91.76, 4.15
19.15, 841, -39, 91.76, 4.15
19.20, 839, -39, 91.76, 4.15
19.25, 837, -38, 91.76, 4.15
19.30, 838, -38, 91.76, 4.15
19.35, 839, -38, 91.76, 4.15
19.40, 837, -38, 91.76, 4.15
19.45, 833, -37, 91.76, 4.15
19.50, 830, -37, 91.76, 4.15
19.55, 825, -36, 91.76, 4.15
19.60, 827, -36, 91.76, 4.15
19.65, 827, -37, 91.76, 4.15
19.70, 824, -38, 91.78, 4.15
19.75, 822, -40, 91.76, 4.14
19.80, 819, -41, 91.76, 4.14
19.85, 813, -41, 91.76, 4.15
19.90, 813, -41, 91.76, 4.15
19.95, 811, -40, 91.76, 4.15
20.00, 810, -39, 91.76, 4.15
20.05, 809, -38, 91.76, 4.15
20.10, 808, -37, 91.76, 4.15
20.15, 804, -37, 91.76, 4.15
20.20, 804, -37, 91.76, 4.15
20.25, 803, -37, 91.76, 4.15
20.30, 799, -38, 91.76, 4.15
20.35, 798, -39, 91.76, 4.15
20.40, 797, -39, 91.76, 4.14
20.45, 791, -39, 91.76, 4.15
20.50, 792, -38, 91.76, 4.15
20.55, 795, -38, 91.76, 4.15
20.60, 790, -38, 91.76, 4.15
20.65, 788, -38, 91.76, 4.15
20.70, 781, -38, 91.76, 4.15
20.75, 779, -38, 91.76, 4.15
20.80, 780, -38, 91.76, 4.15
20.85, 778, -37, 91.76, 4.14
20.90, 777, -37, 91.76, 4.15
20.95, 778, -37, 91.76, 4.15
21.00, 779, -37, 91.76, 4.15
21.05, 775, -37, 91.76, 4.15
21.10, 773, -38, 91.76, 4.15
21.15, 767, -38, 91.76, 4.15
21.20, 765, -39, 91.76, 4.15
21.25, 765, -39, 91.76, 4.15
21.30, 762, -38, 91.76, 4.15
21.35, 759, -37, 91.76, 4.15
21.40, 756, -36, 91.76, 4.15
21.45, 755, -35, 91.76, 4.15
21.50, 754, -36, 91.76, 4.15
21.55, 754, -37, 91.76, 4.15
21.60, 752, -38, 91.74, 4.15
21.65, 748, -38, 91.76, 4.15
21.70, 747, -38, 91.76, 4.15
21.75, 746, -38, 91.76, 4.15
21.80, 743, -38, 91.76, 4.15
21.85, 740, -38, 91.76, 4.15
21.90, 738, -38, 91.76, 4.15
21.95, 738, -38, 91.76, 4.15
22.00, 738, -38, 91.76, 4.15
22.05, 735, -38, 91.74, 4.15
22.10, 732, -38, 91.76, 4.15
22.15, 726, -38, 91.76, 4.15
22.20, 724, -37, 91.76, 4.15
22.25, 727, -37, 91.76, 4.15
22.30, 722, -37, 91.76, 4.15
22.35, 728, -37, 91.76, 4.14
22.40, 731, -37, 91.74, 4.15
22.45, 725, -37, 91.76, 4.15
22.50, 718, -38, 91.76, 4.14
22.55, 713, -38, 91.76, 4.15
22.60, 711, -39, 91.76, 4.14
22.65, 712, -39, 91.74, 4.14
22.70, 707, -39, 91.74, 4.15
22.75, 703, -39, 91.76, 4.15
22.80, 703, -38, 91.74, 4.15
22.85, 703, -36, 91.76, 4.15
22.90, 702, -36, 91.76, 4.14
22.95, 705, -35, 91.76, 4.15
23.00, 701, -36, 91.74, 4.14
23.05, 699, -36, 91.74, 4.15
23.10, 694, -36, 91.74, 4.15
23.15, 692, -35, 91.74, 4.15
23.20, 693, -35, 91.74, 4.15
23.25, 691, -36, 91.74, 4.15
23.30, 687, -37, 91.74, 4.15
23.35, 685, -38, 91.76, 4.15
23.40, 683, -39, 91.74, 4.15
23.45, 679, -38, 91.74, 4.15
23.50, 678, -38, 91.74, 4.15
23.55, 677, -37, 91.74, 4.15
23.60, 672, -36, 91.74, 4.14
23.65, 670, -36, 91.74, 4.15
23.70, 668, -36, 91.74, 4.15
23.75, 667, -36, 91.74, 4.15
23.80, 670, -36, 91.74, 4.15
23.85, 674, -37, 91.74, 4.15
23.90, 673, -38, 91.74, 4.14
23.95, 667, -39, 91.74, 4.15
24.00, 660, -39, 91.74, 4.15
24.05, 658, -38, 91.74, 4.15
24.10, 660, -36, 91.74, 4.15
24.15, 662, -35, 91.74, 4.15
24.20, 658, -34, 91.74, 4.14
24.25, 653, -33, 91.74, 4.15
24.30, 647, -34, 91.74, 4.15
24.35, 648, -35, 91.74, 4.15
24.40, 650, -35, 91.74, 4.15
24.45, 648, -36, 91.74, 4.15
24.50, 643, -36, 91.74, 4.15
24.55, 641, -36, 91.74, 4.14
24.60, 639, -36, 91.74, 4.15
24.65, 636, -37, 91.74, 4.15
24.70, 637, -38, 91.74, 4.14
24.75, 636, -39, 91.74, 4.14
24.80, 633, -41, 91.74, 4.15
24.85, 627, -42, 91.74, 4.14
24.90, 624, -42, 91.74, 4.15
24.95, 623, -42, 91.74, 4.15
25.00, 622, -41, 91.72, 4.14
25.05, 625, -40, 91.74, 4.15
25.10, 626, -40, 91.74, 4.15
25.15, 631, -40, 91.74, 4.15
25.20, 629, -41, 91.74, 4.15
25.25, 620, -41, 91.74, 4.15
25.30, 617, -42, 91.74, 4.15
25.35, 610, -42, 91.74, 4.15
25.40, 609, -42, 91.72, 4.14
25.45, 611, -42, 91.72, 4.15
25.50, 607, -42, 91.72, 4.15
25.55, 603, -42, 91.74, 4.15
25.60, 596, -41, 91.74, 4.15
25.65, 596, -41, 91.72, 4.15
25.70, 593, -42, 91.74, 4.15
25.75, 590, -42, 91.74, 4.15
25.80, 588, -42, 91.74, 4.15
25.85, 586, -41, 91.72, 4.15
25.90, 584, -42, 91.72, 4.15
25.95, 584, -42, 91.72, 4.14
26.00, 583, -43, 91.72, 4.15
26.05, 585, -44, 91.72, 4.15
26.10, 581, -46, 91.72, 4.15
26.15, 578, -47, 91.72, 4.15
26.20, 573, -47, 91.72, 4.14
26.25, 567, -46, 91.72, 4.15
26.30, 566, -45, 91.72, 4.15
26.35, 565, -44, 91.72, 4.15
26.40, 564, -43, 91.72, 4.15
26.45, 562, -43, 91.72, 4.15
26.50, 561, -43, 91.72, 4.15
26.55, 560, -43, 91.72, 4.14
26.60, 557, -42, 91.72, 4.15
26.65, 553, -42, 91.72, 4.15
26.70, 554, -41, 91.72, 4.15
26.75, 553, -41, 91.72, 4.15
26.80, 547, -41, 91.72, 4.15
26.85, 544, -40, 91.72, 4.15
26.90, 541, -40, 91.72, 4.15
26.95, 540, -41, 91.72, 4.14
27.00, 539, -41, 91.72, 4.14
27.05, 538, -42, 91.72, 4.15
27.10, 534, -42, 91.72, 4.15
27.15, 534, -41, 91.72, 4.15
27.20, 532, -41, 91.72, 4.14
27.25, 529, -39, 91.72, 4.15
27.30, 528, -38, 91.72, 4.15
27.35, 526, -38, 91.72, 4.15
27.40, 524, -38, 91.72, 4.15
27.45, 522, -38, 91.72, 4.14
27.50, 520, -38, 91.72, 4.14
27.55, 517, -39, 91.72, 4.15
27.60, 514, -39, 91.72, 4.15
27.65, 511, -39, 91.72, 4.15
27.70, 511, -39, 91.72, 4.15
27.75, 509, -38, 91.71, 4.14
27.80, 507, -37, 91.72, 4.15
27.85, 508, -37, 91.72, 4.15
27.90, 505, -36, 91.72, 4.15
27.95, 503, -35, 91.71, 4.15
28.00, 501, -35, 91.72, 4.15
28.05, 498, -35, 91.71, 4.15
28.10, 496, -35, 91.71, 4.15
28.15, 493, -34, 91.72, 4.15
28.20, 492, -34, 91.71, 4.15
28.25, 491, -34, 91.71, 4.15
28.30, 492, -34, 91.71, 4.15
28.35, 493, -34, 91.71, 4.15
28.40, 490, -34, 91.71, 4.15
28.45, 486, -33, 91.71, 4.15
28.50, 484, -33, 91.71, 4.15
28.55, 479, -32, 91.71, 4.15
28.60, 478, -31, 91.71, 4.15
28.65, 477, -30, 91.71, 4.15
28.70, 475, -30, 91.71, 4.14
28.75, 474, -30, 91.71, 4.15
28.80, 475, -30, 91.71, 4.15
28.85, 473, -30, 91.71, 4.15
28.90, 470, -30, 91.71, 4.15
28.95, 470, -30, 91.71, 4.15
29.00, 470, -30, 91.71, 4.15
29.05, 468, -30, 91.71, 4.15
29.10, 466, -30, 91.71, 4.15
29.15, 464, -30, 91.71, 4.15
29.20, 465, -30, 91.71, 4.15
29.25, 462, -30, 91.71, 4.15
29.30, 460, -30, 91.71, 4.15
29.35, 457, -30, 91.71, 4.15
29.40, 457, -29, 91.71, 4.15
29.45, 454, -29, 91.71, 4.15
29.50, 455, -29, 91.71, 4.15
29.55, 456, -29, 91.71, 4.15
29.60, 454, -29, 91.71, 4.15
29.65, 450, -30, 91.71, 4.15
29.70, 451, -30, 91.71, 4.15
29.75, 448, -30, 91.71, 4.15
29.80, 446, -31, 91.71, 4.15
29.85, 447, -31, 91.71, 4.14
29.90, 445, -31, 91.71, 4.15
29.95, 443, -31, 91.71, 4.15
30.00, 438, -31, 91.69, 4.15
30.05, 437, -31, 91.71, 4.15
30.10, 435, -31, 91.71, 4.15
30.15, 433, -31, 91.71, 4.15
30.20, 434, -30, 91.69, 4.15
30.25, 435, -30, 91.71, 4.15
30.30, 435, -29, 91.69, 4.15
30.35, 431, -29, 91.69, 4.15
30.40, 431, -29, 91.69, 4.15
30.45, 426, -29, 91.71, 4.15
30.50, 423, -29, 91.69, 4.15
30.55, 421, -30, 91.69, 4.15
30.60, 419, -31, 91.69, 4.15
30.65, 416, -31, 91.69, 4.15
30.70, 415, -31, 91.69, 4.15
30.75, 414, -32, 91.69, 4.15
30.80, 412, -32, 91.69, 4.15
30.85, 411, -32, 91.69, 4.15
30.90, 409, -32, 91.69, 4.15
30.95, 408, -32, 91.69, 4.15
31.00, 408, -31, 91.69, 4.15
31.05, 408, -31, 91.69, 4.15
31.10, 405, -31, 91.69, 4.15
31.15, 403, -31, 91.69, 4.15
31.20, 403, -32, 91.69, 4.15
31.25, 403, -33, 91.69, 4.15
31.30, 403, -33, 91.69, 4.15
31.35, 401, -33, 91.69, 4.14
31.40, 400, -33, 91.69, 4.14
31.45, 397, -32, 91.69, 4.15
31.50, 397, -31, 91.69, 4.15
31.55, 394, -30, 91.69, 4.15
31.60, 391, -30, 91.69, 4.15
31.65, 388, -29, 91.69, 4.15
31.70, 386, -29, 91.69, 4.15
31.75, 385, -30, 91.69, 4.15
31.80, 385, -30, 91.69, 4.15
31.85, 382, -30, 91.69, 4.15
31.90, 380, -30, 91.69, 4.15
31.95, 378, -31, 91.69, 4.14
32.00, 378, -31, 91.69, 4.15
32.05, 376, -31, 91.69, 4.15
32.10, 374, -32, 91.69, 4.15
32.15, 372, -32, 91.69, 4.15
32.20, 369, -32, 91.69, 4.15
32.25, 368, -33, 91.69, 4.15
32.30, 366, -34, 91.67, 4.15
32.35, 366, -35, 91.67, 4.15
32.40, 363, -35, 91.69, 4.15
32.45, 363, -35, 91.67, 4.15
32.50, 362, -34, 91.69, 4.14
32.55, 361, -34, 91.67, 4.15
32.60, 361, -34, 91.69, 4.15
32.65, 358, -34, 91.67, 4.15
32.70, 356, -34, 91.67, 4.15
32.75, 353, -34, 91.67, 4.14
32.80, 351, -34, 91.67, 4.15
32.85, 351, -35, 91.67, 4.15
32.90, 352, -35, 91.67, 4.15
32.95, 346, -36, 91.67, 4.15
33.00, 342, -36, 91.67, 4.15
33.05, 343, -37, 91.67, 4.15
33.10, 345, -37, 91.67, 4.14
33.15, 343, -37, 91.67, 4.15
33.20, 339, -37, 91.67, 4.15
33.25, 334, -37, 91.67, 4.15
33.30, 332, -37, 91.67, 4.14
33.35, 330, -36, 91.67, 4.15
33.40, 332, -36, 91.67, 4.15
33.45, 330, -36, 91.67, 4.15
33.50, 327, -36, 91.67, 4.15
33.55, 323, -37, 91.67, 4.15
33.60, 321, -38, 91.67, 4.15
33.65, 319, -38, 91.67, 4.15
33.70, 321, -37, 91.67, 4.15
33.75, 318, -37, 91.67, 4.15
33.80, 314, -36, 91.67, 4.15
33.85, 312, -36, 91.67, 4.15
33.90, 307, -37, 91.67, 4.15
33.95, 305, -37, 91.65, 4.15
34.00, 306, -37, 91.67, 4.15
34.05, 303, -38, 91.65, 4.15
34.10, 299, -38, 91.65, 4.15
34.15, 295, -38, 91.65, 4.15
34.20, 294, -38, 91.65, 4.15
34.25, 294, -37, 91.67, 4.15
34.30, 293, -37, 91.65, 4.15
34.35, 297, -38, 91.65, 4.15
34.40, 296, -38, 91.65, 4.15
34.45, 293, -38, 91.65, 4.15
34.50, 286, -37, 91.65, 4.15
34.55, 284, -37, 91.67, 4.15
34.60, 284, -36, 91.65, 4.15
34.65, 283, -37, 91.65, 4.15
34.70, 284, -37, 91.65, 4.14
34.75, 283, -38, 91.65, 4.15
34.80, 280, -38, 91.67, 4.15
34.85, 277, -37, 91.65, 4.15
34.90, 275, -37, 91.65, 4.15
34.95, 272, -36, 91.65, 4.15
35.00, 269, -35, 91.65, 4.15
35.05, 267, -35, 91.65, 4.15
35.10, 266, -34, 91.65, 4.15
35.15, 266, -34, 91.65, 4.15
35.20, 265, -35, 91.65, 4.15
35.25, 262, -36, 91.65, 4.15
35.30, 256, -37, 91.63, 4.15
35.35, 253, -38, 91.63, 4.15
35.40, 252, -38, 91.65, 4.15
35.45, 254, -38, 91.65, 4.15
35.50, 256, -37, 91.63, 4.14
35.55, 252, -36, 91.63, 4.15
35.60, 249, -37, 91.65, 4.15
35.65, 245, -37, 91.63, 4.15
35.70, 245, -38, 91.63, 4.15
35.75, 239, -39, 91.65, 4.14
35.80, 237, -39, 91.63, 4.15
35.85, 236, -39, 91.63, 4.15
35.90, 237, -39, 91.63, 4.14
35.95, 237, -38, 91.63, 4.15
36.00, 234, -38, 91.65, 4.14
36.05, 232, -37, 91.63, 4.15
36.10, 230, -38, 91.63, 4.15
36.15, 228, -38, 91.63, 4.15
36.20, 226, -38, 91.63, 4.15
36.25, 221, -39, 91.63, 4.15
36.30, 219, -38, 91.63, 4.15
36.35, 220, -38, 91.63, 4.15
36.40, 217, -39, 91.63, 4.15
36.45, 217, -39, 91.63, 4.15
36.50, 217, -40, 91.63, 4.15
36.55, 213, -39, 91.63, 4.15
36.60, 211, -39, 91.63, 4.15
36.65, 207, -38, 91.63, 4.15
36.70, 205, -37, 91.63, 4.15
36.75, 204, -36, 91.63, 4.15
36.80, 201, -36, 91.63, 4.15
36.85, 199, -37, 91.63, 4.15
36.90, 197, -37, 91.63, 4.15
36.95, 196, -38, 91.63, 4.15
37.00, 196, -38, 91.63, 4.15
37.05, 194, -38, 91.63, 4.15
37.10, 192, -38, 91.63, 4.15
37.15, 188, -38, 91.63, 4.14
37.20, 183, -38, 91.63, 4.15
37.25, 183, -37, 91.63, 4.14
37.30, 181, -37, 91.63, 4.15
37.35, 179, -36, 91.62, 4.15
37.40, 177, -36, 91.63, 4.15
37.45, 175, -36, 91.62, 4.15
37.50, 174, -37, 91.62, 4.15
37.55, 172, -37, 91.62, 4.15
37.60, 172, -38, 91.62, 4.15
37.65, 173, -38, 91.63, 4.15
37.70, 173, -37, 91.62, 4.15
37.75, 170, -37, 91.62, 4.14
37.80, 165, -37, 91.62, 4.15
37.85, 162, -38, 91.62, 4.15
37.90, 160, -39, 91.62, 4.14
37.95, 160, -39, 91.62, 4.15
38.00, 157, -39, 91.62, 4.14
38.05, 157, -38, 91.62, 4.15
38.10, 156, -36, 91.62, 4.15
38.15, 151, -35, 91.62, 4.15
38.20, 149, -34, 91.62, 4.15
38.25, 147, -34, 91.62, 4.15
38.30, 147, -35, 91.62, 4.15
38.35, 152, -35, 91.62, 4.15
38.40, 153, -36, 91.62, 4.15
38.45, 144, -36, 91.62, 4.15
38.50, 137, -36, 91.62, 4.15
38.55, 134, -37, 91.62, 4.15
38.60, 133, -38, 91.62, 4.15
38.65, 134, -39, 91.62, 4.15
38.70, 132, -40, 91.62, 4.15
38.75, 131, -41, 91.62, 4.15
38.80, 124, -41, 91.60, 4.15
38.85, 120, -40, 91.62, 4.15
38.90, 120, -40, 91.60, 4.15
38.95, 117, -39, 91.62, 4.15
39.00, 117, -38, 91.62, 4.14
39.05, 122, -37, 91.62, 4.15
39.10, 124, -37, 91.60, 4.14
39.15, 123, -38, 91.60, 4.15
39.20, 117, -39, 91.60, 4.14
39.25, 111, -40, 91.60, 4.15
39.30, 108, -42, 91.60, 4.15
39.35, 108, -43, 91.60, 4.15
39.40, 105, -43, 91.60, 4.15
39.45, 104, -42, 91.60, 4.15
39.50, 104, -41, 91.60, 4.15
39.55, 100, -40, 91.60, 4.15
39.60, 95, -39, 91.60, 4.15
39.65, 91, -38, 91.60, 4.14
39.70, 88, -38, 91.60, 4.14
39.75, 87, -37, 91.60, 4.15
39.80, 84, -37, 91.60, 4.15
39.85, 82, -37, 91.60, 4.15
39.90, 81, -38, 91.58, 4.15
39.95, 81, -39, 91.60, 4.15
40.00, 88, -40, 91.60, 4.15
40.05, 87, -41, 91.58, 4.15
40.10, 78, -42, 91.58, 4.14
40.15, 73, -42, 91.58, 4.15
40.20, 71, -42, 91.58, 4.14
40.25, 68, -41, 91.58, 4.15
40.30, 64, -41, 91.58, 4.15
40.35, 61, -41, 91.58, 4.15
40.40, 63, -41, 91.58, 4.15
40.45, 59, -41, 91.58, 4.15
40.50, 57, -40, 91.58, 4.15
40.55, 56, -39, 91.58, 4.15
40.60, 60, -38, 91.58, 4.15
40.65, 59, -37, 91.58, 4.15
40.70, 59, -37, 91.58, 4.15
40.75, 55, -37, 91.58, 4.15
40.80, 49, -37, 91.58, 4.14
40.85, 44, -37, 91.58, 4.14
40.90, 43, -38, 91.58, 4.15
40.95, 42, -40, 91.58, 4.14
41.00, 40, -42, 91.58, 4.14
41.05, 40, -43, 91.58, 4.15
41.10, 39, -43, 91.58, 4.15
41.15, 37, -42, 91.58, 4.15
41.20, 32, -40, 91.58, 4.15
41.25, 29, -38, 91.58, 4.15
41.30, 29, -36, 91.58, 4.15
41.35, 28, -35, 91.56, 4.14
41.40, 23, -34, 91.56, 4.15
41.45, 20, -34, 91.58, 4.15
41.50, 21, -33, 91.58, 4.14
41.55, 26, -33, 91.58, 4.15
41.60, 24, -33, 91.56, 4.15
41.65, 18, -33, 91.58, 4.15
41.70, 14, -32, 91.56, 4.15
41.75, 5, -30, 91.58, 4.15
41.80, 10, -29, 91.56, 4.15
41.85, 14, -27, 91.56, 4.15
41.90, 14, -25, 91.56, 4.15
41.95, -5, -25, 91.56, 4.15
42.00, -6, -24, 91.56, 4.15
42.05, -6, -23, 91.56, 4.15
42.10, -6, -22, 91.56, 4.15
42.15, -6, -21, 91.56, 4.15
42.20, -6, -20, 91.58, 4.14
42.25, -6, -19, 91.56, 4.14
42.30, -5, -18, 91.56, 4.15
42.35, -6, -16, 91.56, 4.14
42.40, -6, -15, 91.56, 4.15
42.45, -6, -15, 91.56, 4.14
42.50, -6, -14, 91.56, 4.15
42.55, -6, -14, 91.56, 4.15
42.60, -6, -13, 91.56, 4.15
42.65, -6, -12, 91.56, 4.15
42.70, -6, -10, 91.56, 4.15
42.75, -6, -9, 91.56, 4.15
42.80, -6, -8, 91.56, 4.15
42.85, -5, -7, 91.56, 4.15
42.90, -6, -6, 91.56, 4.15
42.95, -6, -4, 91.54, 4.15
43.00, -6, -2, 91.56, 4.15
43.05, -6, -1, 91.56, 4.14
43.10, -6, -0, 91.56, 4.15
43.15, -6, -0, 91.54, 4.15
43.20, -7, -0, 91.54, 4.14
43.25, -7, -0, 91.54, 4.15
43.30, -5, -0, 91.54, 4.15
43.35, -6, -0, 91.54, 4.15
43.40, -5, -0, 91.54, 4.15
43.45, -6, -0, 91.54, 4.15
43.50, -5, -0, 91.54, 4.15
43.55, -5, -0, 91.54, 4.15
43.60, -5, -0, 91.54, 4.14
43.65, -6, -0, 91.54, 4.15
43.70, -6, -0, 91.54, 4.15
43.75, -5, -0, 91.54, 4.15
43.80, -6, -0, 91.54, 4.15
43.85, -6, -0, 91.54, 4.15
43.90, -7, -0, 91.54, 4.14
43.95, -6, -0, 91.54, 4.14
44.00, -5, -0, 91.54, 4.14
44.05, -7, -0, 91.54, 4.15
44.10, -6, 0, 91.54, 4.15
44.15, -6, 0, 91.54, 4.15
44.20, -6, 0, 91.54, 4.15
44.25, -6, 0, 91.54, 4.15
44.30, -6, -0, 91.54, 4.15
44.35, -7, -0, 91.54, 4.15
44.40, -6, -0, 91.53, 4.14
44.45, -7, -0, 91.54, 4.15
44.50, -6, -0, 91.54, 4.14
44.55, -6, -0, 91.54, 4.14
44.60, -7, -0, 91.53, 4.15
44.65, -7, -0, 91.53, 4.15
44.70, -6, -0, 91.53, 4.15
44.75, -6, -0, 91.54, 4.15
44.80, -6, -0, 91.53, 4.15
44.85, -7, 0, 91.54, 4.15
44.90, -6, 0, 91.53, 4.15
44.95, -7, 0, 91.53, 4.15
45.00, -6, 0, 91.54, 4.15
45.05, -6, 0, 91.53, 4.15
45.10, -6, 0, 91.53, 4.15
45.15, -6, 0, 91.53, 4.15
45.20, -6, 0, 91.53, 4.15
45.25, -6, 0, 91.53, 4.15
45.30, -7, 0, 91.53, 4.15
45.35, -6, 0, 91.53, 4.15
45.40, -6, 0, 91.53, 4.15
45.45, -5, 0, 91.53, 4.15
45.50, -7, 0, 91.53, 4.14
45.55, -7, 0, 91.51, 4.15
45.60, -6, 0, 91.53, 4.15
45.65, -6, 0, 91.51, 4.15
45.70, -6, 0, 91.51, 4.15
45.75, -6, 0, 91.51, 4.15
45.80, -6, 0, 91.51, 4.15
45.85, -6, 0, 91.51, 4.15
45.90, -6, 0, 91.51, 4.15
45.95, -6, 0, 91.51, 4.15
46.00, -6, 0, 91.51, 4.15
46.05, -6, -0, 91.51, 4.15
46.10, -6, -0, 91.51, 4.15
46.15, -6, -0, 91.51, 4.15
46.20, -6, 0, 91.51, 4.14
46.25, -6, 0, 91.51, 4.14
46.30, -6, 0, 91.51, 4.14
46.35, -6, 0, 91.51, 4.15
46.40, -6, 0, 91.51, 4.15
46.45, -6, 0, 91.51, 4.14
46.50, -6, 0, 91.51, 4.15
46.55, -5, 0, 91.51, 4.15
46.60, -6, 0, 91.51, 4.15
46.65, -6, 0, 91.51, 4.15
46.70, -6, 0, 91.51, 4.15
46.75, -6, 0, 91.49, 4.15
46.80, -6, 0, 91.49, 4.15
46.85, -7, 0, 91.51, 4.15
46.90, -6, 0, 91.51, 4.14
46.95, -6, 0, 91.51, 4.15
47.00, -6, 0, 91.51, 4.15
47.05, -7, 0, 91.51, 4.15
47.10, -6, 0, 91.49, 4.15
47.15, -6, 0, 91.51, 4.15
47.20, -6, 0, 91.49, 4.15
47.25, -6, 0, 91.49, 4.15
47.30, -6, 0, 91.49, 4.15
47.35, -6, 0, 91.49, 4.14
47.40, -6, 0, 91.49, 4.15
47.45, -6, 0, 91.49, 4.15
47.50, -6, 0, 91.49, 4.15
47.55, -6, -0, 91.49, 4.15
47.60, -6, 0, 91.49, 4.15
47.65, -6, 0, 91.49, 4.14
47.70, -6, 0, 91.49, 4.15
47.75, -6, 0, 91.49, 4.14
47.80, -6, 0, 91.47, 4.15
47.85, -6, 0, 91.49, 4.15
47.90, -6, 0, 91.49, 4.15
47.95, -6, 0, 91.49, 4.15
48.00, -6, 0, 91.49, 4.15
48.05, -6, 0, 91.49, 4.15
48.10, -6, 0, 91.47, 4.15
48.15, -6, 0, 91.49, 4.15
48.20, -6, 1, 91.47, 4.15
48.25, -6, 1, 91.49, 4.15
48.30, -6, 0, 91.47, 4.14
48.35, -5, 0, 91.49, 4.15
48.40, -6, 0, 91.49, 4.15
48.45, -6, 0, 91.47, 4.15
48.50, -6, 0, 91.47, 4.15
48.55, -6, 0, 91.47, 4.14
48.60, -5, 0, 91.47, 4.14
48.65, -6, 0, 91.47, 4.15
48.70, -6, 0, 91.47, 4.14
48.75, -6, 0, 91.47, 4.15